"id","name","stadtteil","adresse","telefon","email","website","inhaber_laut_impressum","anzahl_filialen","hat_online_buchung","nutzt_bekannte_software","google_bewertung","anzahl_bewertungen","auffaelligkeiten","prioritaet","quelle_url"
"HB-001","Fahrschule Hans Peter Victoria","Schwachhausen (Riensberg)","Friedhofstr. 5, 28213 Bremen","","","","","","","","","","Stellenausschreibung fuer Fahrlehrer (m/w/d) gefunden (StepStone); laut Verzeichnis mehrere Standorte, Website nicht geprueft","A","https://adresse.dastelefonbuch.de/Bremen/2-Fahrschule-Hans-Peter-Victoria-Bremen-Friedhofstr.html"
"HB-002","Fahrschule Al Zoubi GmbH","Osterholz","","","","","","","","ClickClickDrive (Schulprofil auf der Plattform vorhanden)","","","Sucht ab sofort Fahrlehrer Klasse B/BE in Voll- und Teilzeit (StepStone); ClickClickDrive-Eintrag, Nutzungsumfang der Software unklar, vor Ansprache pruefen; Adresse nicht verifiziert","A","https://www.stepstone.de/cmp/de/fahrschule-al-zoubi-gmbh-5046178/jobs"
"HB-003","Fahrschule Schinkel GmbH","Walle","Waller Heerstr. 131, 28219 Bremen","0421 38 29 81","","","","2","","","","","Zweiter Eintrag Fahrschule Schinkel GmbH Autofahrschule: Halmerweg 68, 28239 Bremen (Ohlenhof/Gröpelingen), Tel. 0421 6 16 42 12, ob gleiche Firma ungeprueft; Website nicht gefunden","B","https://www.dasoertliche.de/Themen/Fahrschule/Bremen.html"
"HB-004","Dön Fahrschule","Gröpelingen (Ohlenhof)","Gröpelinger Heerstr. 283, 28239 Bremen","0179 5 29 99 13","","","","","","","","","Nur Mobilnummer im Verzeichnis; moeglicherweise identisch mit Dön Halil Fahrschule (HB-005), pruefen; keine Website gefunden","B","https://www.dasoertliche.de/Themen/Fahrschule/Bremen.html"
"HB-005","Dön Halil Fahrschule","Gröpelingen (Ohlenhof)","Gröpelinger Heerstr. 285, 28239 Bremen","0421 6 91 99 94","","","","","","","","","Moeglicherweise identisch mit Dön Fahrschule (HB-004), pruefen; keine Website gefunden","B","https://www.dasoertliche.de/Themen/Fahrschule/Bremen.html"
"HB-006","Academy Lets Drive Fahrschule","Neustadt","Langemarckstr. 190, 28199 Bremen","0421 69 08 03 01","","","","","","","","","Weiterer Eintrag Neuenlander Str. 16, 28199 Bremen, Tel. 0172 4143794, Zuordnung ungeprueft; Website nicht geprueft","B","https://adresse.dastelefonbuch.de/Bremen/2-Fahrschule-Academy-Lets-Drive-Bremen-Langemarckstr.html"
"HB-007","Fahrschule DriveWise Bremen","Östliche Vorstadt","Bismarckstr. 2, 28203 Bremen","0421 56 50 06 64","","","","","","","","","Name und Auftritt wirken neuer, Website nicht geprueft","B","https://www.oeffnungszeitenbuch.de/filiale/Bremen-Fahrschule%2520DriveWise-5574803B.html"
"HB-008","City Fahrschule","Walle (Utbremen)","Landwehrstr. 121, 28217 Bremen","","","","","","","","","","Website und Telefon nicht verifiziert","B","https://adresse.dastelefonbuch.de/Bremen/2-Fahrschule-City-Fahrschule-Bremen-Landwehrstr.html"
"HB-009","Fahrschule Lorenz","Osterholz","St.-Gotthard-Str. 67, 28325 Bremen","0421 40 98 00 57","","","","","","","","","Website nicht geprueft","B","https://adresse.dastelefonbuch.de/Bremen/2-Fahrschule-Lorenz-Bremen-St-Gotthard-Str.html"
"HB-010","Fahrschule Friedrich Becker","Vahr (Gartenstadt Vahr)","Amelinghauser Str. 19, 28329 Bremen","0421 46 63 63","","","","","","","","","Einzelinhaber laut Verzeichnisname, keine Website gefunden","B","https://www.dasoertliche.de/Themen/Fahrschule/Bremen.html"
"HB-011","Fahrschule Rudi Meyer GmbH","Horn-Lehe","Gerold-Janssen-Str. 7, 28359 Bremen","0421 67 37 79 61","","","","","","","","","Stadtteil aus PLZ 28359 abgeleitet (Verzeichnis nennt Lehe); Website nicht geprueft","B","https://www.dasoertliche.de/Themen/Fahrschule/Bremen.html"
"HB-012","Fahrschule Finally","Obervieland (Arsten)","Arsterdamm 140, 28279 Bremen","0421 79 30 80 20","","","","","","","","","E-Mail im Verzeichnis vorhanden, in der Suche nur verschleiert, nicht uebernommen","B","https://web2.cylex.de/firma-home/fahrschule-finally-13143918.html"
"HB-013","Fahrschule Pade","Östliche Vorstadt","Vor dem Steintor 132, 28203 Bremen","","","","","","","","","","Telefon und Website nicht verifiziert","B","https://adresse.dastelefonbuch.de/Bremen/2-Fahrschule-Pade-Bremen-Vor-dem-Steintor.html"
"HB-014","Fahrschule Rainer Fojuth","Burglesum (Lesum)","Schneiderstr. 4, 28717 Bremen","0421 63 17 43","","","","","","","","","Einzelinhaber laut Verzeichnisname, keine Website gefunden","B","https://adresse.dastelefonbuch.de/Bremen/2-Fahrschule-Fojuth-Rainer-Bremen-Schneiderstr.html"
"HB-015","Fahrschule am Sodenmatt GmbH","Huchting","Am Sodenmatt 57, 28259 Bremen","0421 58 63 63","","","","","","","","","Website nicht geprueft","B","https://www.dasoertliche.de/Themen/Fahrschule/Bremen.html"
"HB-016","Fahrschule Detlev Kis","Huchting (Kirchhuchting)","Kirchhuchtinger Landstr. 20, 28259 Bremen","0421 5 79 57 95","","","","","","","","","Einzelinhaber laut Verzeichnisname, keine Website gefunden","B","https://www.dasoertliche.de/Themen/Fahrschule/Bremen.html"
"HB-017","Frank Hastedt Fahrschule","","Kirchweg 146, 28201 Bremen","0421 55 15 78","","","","","","","","","Zweite Adresse Buerozeiten laut Verzeichnis: Gastfeldstr. 42, 28201 Bremen","B","https://www.oeffnungszeitenbuch.de/filiale/Bremen-Frank%2520Hastedt%2520Fahrschule-5091906E.html"
"HB-018","Fahrschule Horst-Rüdiger Halfer","Osterholz","Osterholzer Landstr., Bremen","","","","","","","","","","Hausnummer und Telefon nicht verifiziert","B","https://adresse.dastelefonbuch.de/Bremen/2-Fahrschule-Horst-R%C3%BCdiger-Halfer-Bremen-Osterholzer-Landstr.html"
"HB-019","Fahrschule Roland Plate","Osterholz","Osterholzer Landstr., Bremen","","","","","","","","","","Hausnummer und Telefon nicht verifiziert","B","https://adresse.dastelefonbuch.de/Bremen/2-Fahrschule-Roland-Plate-Bremen-Osterholzer-Landstr.html"
"HB-020","Fahrschule Thiele GmbH","Walle (Utbremen)","Utbremer Str., Bremen","","","","","","","","","","Hausnummer und Telefon nicht verifiziert","B","https://adresse.dastelefonbuch.de/Bremen/2-Fahrschule-Thiele-GmbH-Bremen-Utbremer-Str.html"
"HB-021","Fahrschule Vogt","","Schönebecker Str., Bremen","","","","","","","","","","Hausnummer, Stadtteil und Telefon nicht verifiziert","B","https://adresse.dastelefonbuch.de/Bremen/2-Fahrschule-Vogt-Bremen-Sch%C3%B6nebecker-Str.html"
"HB-022","Fahrschule Helmke","","Steffensweg, Bremen","","","","","","","","","","Hausnummer, Stadtteil und Telefon nicht verifiziert","B","https://adresse.dastelefonbuch.de/Bremen/2-Fahrschule-Helmke-Bremen-Steffensweg.html"
"HB-023","Fahrschule Metropol Bremen","Mitte","","","","","","3","","","","","Laut Verzeichnis drei Standorte, einer in Mitte; Adresse nicht verifiziert","B","https://www.nochoffen.de/mitte-fahrschule-metropol-bremen/edit/"
"BHV-001","Fahrschulteam Müller","Bremerhaven (Lehe)","Hans-Böckler-Str. 72-74, 27578 Bremerhaven","+49 471 29008083","","","","2","","","","","Filiale Poststr. 38, 27576 Bremerhaven-Lehe, Tel. 0471 9515599, nur Mo bis Do 09:30 bis 14:00 besetzt","B","https://www.oeffnungszeitenbuch.de/filiale/Bremerhaven-Fahrschulteam%2520Mueller%2520Fahrschule-4987176H.html"
"BHV-002","Fahrschule Rolf Gramkow","Bremerhaven (Lehe)","Lange Str. 116, 27580 Bremerhaven","0471 8 38 33","","","","","","","","","Verzeichnisse nennen zwei Nummern (auch 0471 9 81 24 90), pruefen; keine Website gefunden","B","https://adresse.dastelefonbuch.de/Bremerhaven/3-0010076481524-Fahrschule-Rolf-Gramkow-Bremerhaven-Lange-Str.html"
"BHV-003","iDrive Fahrschule","Bremerhaven","Bürgermeister-Smidt-Str. 101, 27568 Bremerhaven","0471 41898711","info@idrive-bhv.de","http://www.idrive-bhv.de","","","","","","","Website nicht abrufbar (Netzwerksperre), Impressum und Software ungeprueft","B","https://www.idrive-bhv.de/"
"BHV-004","Intensiv.fahren","Bremerhaven","Langener Landstr. 18, 27580 Bremerhaven","0471 39572834","info@if-bhv.de","https://www.if-bhv.de/","","","","","","","Website nicht abrufbar (Netzwerksperre), Impressum und Software ungeprueft","B","https://www.if-bhv.de/"
"BHV-005","Fahrschulteam Paul Bödeker","Bremerhaven","Auf der Bult 10, 27574 Bremerhaven","","","","","2","","","","","Zweiter Standort Langener Landstr. 52 A, 27580 Bremerhaven, laut Suchergebnis mehrere Standorte","B","https://www.ortsdienst.de/schleswig-holstein/dithmarschen/marnerdeich/branchenbuch-fahrschule/"
"BHV-006","Fahrschule Holger Heinz Fahnert","Bremerhaven (Leherheide)","Merziger Str. 6, 27578 Bremerhaven","","","","","","","","","","Einzelinhaber laut Verzeichnisname, Telefon und Website nicht verifiziert","B","https://adresse.dastelefonbuch.de/Bremerhaven/3-Fahrschule-Holger-Heinz-Fahnert-Bremerhaven-Merziger-Str.html"
